City,Leisure Type,Longitude,Latitude
Oakville,park,-79.67070039187357,43.448367550542
Oakville,park,-79.66931215173338,43.449707650541995
Oakville,park,-79.66321364609772,43.445444650542
Oakville,park,-79.66486979963193,43.44380120054201
Oakville,park,-79.67016291992313,43.451683400541995
Oakville,park,-79.66596426942579,43.442314600542005
Oakville,park,-79.67114534722671,43.444380400542
Oakville,playground,-79.6660541,43.44213095054201
Oakville,park,-79.67238458257427,43.443655350542
Oakville,park,-79.67342009999999,43.445041700542
Oakville,park,-79.67005121945377,43.441241550542
Oakville,park,-79.6700077,43.44124960054201
Oakville,park,-79.67389660187587,43.443141700542
Oakville,park,-79.67456759999999,43.443479900542
Oakville,park,-79.66904503342877,43.438750450542
Oakville,park,-79.6777252686127,43.449356350542004
Oakville,park,-79.66857449999999,43.43994760054201
Oakville,playground,-79.67809062202929,43.449392550542
Oakville,park,-79.67237329107971,43.439252600542005
Oakville,park,-79.67697536273548,43.441762450542
Oakville,playground,-79.6723042254578,43.439469050542
Oakville,park,-79.67659451722977,43.440735750542004
Oakville,park,-79.67884173366767,43.43935575054199
Oakville,park,-79.66763835591554,43.458863150542
Oakville,playground,-79.67830168705356,43.440436050542004
Oakville,playground,-79.66746546970859,43.45844720054199
Oakville,playground,-79.67868991231131,43.440469150542
Oakville,park,-79.67373736850412,43.436853850542015
Oakville,park,-79.68186402467612,43.44373390054201
Oakville,park,-79.68190926173685,43.44361120054201
Oakville,park,-79.6820424266052,43.443649300542006
Oakville,playground,-79.68304924999998,43.44777580054201
Oakville,park,-79.68215334871542,43.443407450542004
Oakville,park,-79.68312874185825,43.443230500542
Oakville,playground,-79.6839722363459,43.447157200542016
Oakville,park,-79.6735935689966,43.459790250541985
Oakville,park,-79.67096696700565,43.460766900541984
Oakville,playground,-79.67113280310559,43.46053795054199
Oakville,park,-79.68597818813353,43.45041805054201
Oakville,park,-79.67634763649468,43.45992735054199
Oakville,playground,-79.67737501162983,43.45939880054199
Oakville,park,-79.68561740816793,43.44151490054201
Oakville,park,-79.69023893155405,43.450990850542006
Oakville,park,-79.65987614761124,43.46267205054198
Oakville,park,-79.65497851870178,43.46090560054199
Oakville,playground,-79.68646519999999,43.44157325054201
Oakville,playground,-79.68664604830235,43.441443450542
Oakville,playground,-79.6868394067732,43.441615550542
Oakville,playground,-79.66285872569583,43.46314505054198
Oakville,playground,-79.65501826526352,43.46111175054199
Oakville,park,-79.68371958816144,43.436821000542004
Oakville,playground,-79.6839521288893,43.43715595054199
Oakville,playground,-79.6841148418831,43.436970100542005
Oakville,park,-79.68872275969173,43.441350200542004
Oakville,playground,-79.6883940301955,43.441519950542
Oakville,park,-79.6777425,43.432356300542
Oakville,park,-79.66918220869142,43.46538405054197
Oakville,playground,-79.66886074137356,43.465321150541975
Oakville,park,-79.64870570646653,43.46121285054199
Oakville,park,-79.68757739999998,43.458630500541986
Oakville,park,-79.6875618028725,43.434588800542
Oakville,park,-79.69137360851485,43.439735050542
Oakville,playground,-79.69113463825215,43.439861700542
Oakville,playground,-79.6867417030236,43.434410150542
Oakville,playground,-79.69142179910287,43.439889850542
Oakville,playground,-79.68833126704712,43.43436075054201
Oakville,park,-79.69137143818078,43.460290050541985
Oakville,park,-79.65527323021882,43.46973230054198
Oakville,park,-79.68783683372575,43.46404115054197
Oakville,playground,-79.69278579924163,43.46116515054199
Oakville,park,-79.68970659080327,43.46404630054198
Oakville,park,-79.6934362991328,43.433261500542
Oakville,park,-79.649755582062,43.46817545054198
Oakville,private,-79.68894954339622,43.46484830054199
Oakville,park,-79.69402986162223,43.46129845054199
Oakville,park,-79.68813499595277,43.465974950541984
Oakville,park,-79.68761065596786,43.466342350541986
Oakville,park,-79.64464302906049,43.46593160054198
Oakville,playground,-79.6937932051282,43.433045400542
Oakville,park,-79.68830992053293,43.46610665054198
Oakville,park,-79.68780673764043,43.46648190054197
Oakville,playground,-79.69413620561522,43.46176920054199
Oakville,park,-79.68777708573526,43.46682660054198
Oakville,park,-79.68846289316662,43.46621715054198
Oakville,park,-79.68796229761905,43.466598350541986
Oakville,park,-79.68866198845487,43.46636295054198
Oakville,park,-79.65235831248017,43.47014105054197
Oakville,park,-79.68814450115144,43.466734950541976
Oakville,park,-79.68797150105081,43.466932900541984
Oakville,park,-79.68884159542759,43.46649375054197
Oakville,park,-79.68833375690433,43.466867950541975
Oakville,park,-79.68828943254384,43.46707390054196
Oakville,park,-79.68851319227068,43.46700140054198
Oakville,park,-79.68864039401785,43.46709750054197
Oakville,park,-79.69569156827785,43.431819500542005
Oakville,park,-79.69326589146743,43.427266350542
Oakville,park,-79.6902153652727,43.46739875054198
Oakville,playground,-79.69559588877121,43.431658950541994
Oakville,park,-79.69016008205631,43.46749540054198
Oakville,park,-79.69032395211421,43.46770530054198
Oakville,park,-79.6904236701923,43.46771115054198
Oakville,park,-79.69047444666873,43.46774720054199
Oakville,park,-79.69080680858613,43.467517450541976
Oakville,park,-79.69075771133188,43.46760810054197
Oakville,playground,-79.696838105264,43.431143550542
Oakville,playground,-79.6966189,43.431216050542005
Oakville,park,-79.64428838121108,43.470131200541964
Oakville,park,-79.70911970735932,43.442400100542
Oakville,playground,-79.64452698590387,43.47000780054198
Oakville,private,-79.69739473027232,43.46499890054198
Oakville,playground,-79.69913104690576,43.46401840054199
Oakville,playground,-79.70745892192144,43.449211800542
Oakville,park,-79.70839622919294,43.44924925054199
Oakville,park,-79.68610951038514,43.420579850542
Oakville,park,-79.68931879291009,43.474342050541956
Oakville,playground,-79.6857771,43.42065270054199
Oakville,park,-79.69730335103938,43.46803355054197
Oakville,playground,-79.70839332363177,43.448744150542
Oakville,park,-79.69337736991152,43.47107410054197
Oakville,park,-79.70645970090536,43.45882255054199
Oakville,private,-79.69746049999999,43.46825800054198
Oakville,park,-79.697649125,43.468326350541986
Oakville,park,-79.69824247499999,43.46801275054198
Oakville,park,-79.69786341124278,43.46833045054197
Oakville,playground,-79.68951954590302,43.47374555054196
Oakville,playground,-79.7064538514575,43.458913250542
Oakville,park,-79.70017970092749,43.46706765054197
Oakville,park,-79.69618790684713,43.47014100054197
Oakville,park,-79.69792784040327,43.46907460054197
Oakville,private,-79.69496679999999,43.471191550541974
Oakville,park,-79.69776245360352,43.46930760054197
Oakville,park,-79.69751967585839,43.469694050541975
Oakville,park,-79.69801472994297,43.469400900541984
Oakville,park,-79.70034736359796,43.46748560054198
Oakville,park,-79.71223523415355,43.44844350054201
Oakville,park,-79.71422201782511,43.445568100542005
Oakville,park,-79.69913198323461,43.468735600541976
Oakville,park,-79.71085655584315,43.444547600542
Oakville,park,-79.69404158289203,43.47258315054198
Oakville,park,-79.69979485715162,43.46825250054198
Oakville,park,-79.69800586634125,43.46973065054197
Oakville,playground,-79.69405926897252,43.47239010054197
Oakville,park,-79.69916016715288,43.46885295054197
Oakville,park,-79.69557598611057,43.47151465054197
Oakville,park,-79.70069000504493,43.46766860054198
Oakville,park,-79.69895635861235,43.469252000541985
Oakville,park,-79.70045766794058,43.46786685054198
Oakville,private,-79.70146211043875,43.46727885054197
Oakville,park,-79.69981426371717,43.468562300541976
Oakville,park,-79.69907724782934,43.469249050541976
Oakville,park,-79.69840152357774,43.46979570054198
Oakville,playground,-79.71062792886849,43.444255500542006
Oakville,park,-79.69864310061872,43.469683150541975
Oakville,park,-79.70107863589121,43.467744350541984
Oakville,park,-79.70312189999999,43.46574650054198
Oakville,park,-79.69841414955971,43.470089350541976
Oakville,park,-79.70154260765662,43.46750085054199
Oakville,park,-79.699462475046,43.46938735054198
Oakville,park,-79.69875287944186,43.46995720054197
Oakville,park,-79.69993816828361,43.46915335054197
Oakville,park,-79.69904174376208,43.46978105054196
Oakville,park,-79.69957723341837,43.469405950541976
Oakville,park,-79.69903219330406,43.46992405054198
Oakville,park,-79.7003688450132,43.468910850541974
Oakville,park,-79.7012433150266,43.46856420054198
Oakville,park,-79.70633649832946,43.46427690054198
Oakville,park,-79.70105450115997,43.46862780054198
Oakville,park,-79.70015375729167,43.469210600541984
Oakville,park,-79.70050985447153,43.46900400054197
Oakville,park,-79.69909666063577,43.47011690054197
Oakville,park,-79.7012147337548,43.468359100541974
Oakville,park,-79.70062006561812,43.468917750541976
Oakville,park,-79.69373520431063,43.42077565054199
Oakville,park,-79.70131475180918,43.46831850054197
Oakville,park,-79.69896511829509,43.47024335054197
Oakville,park,-79.7004521084724,43.46904960054197
Oakville,park,-79.70216426594203,43.467716000541984
Oakville,park,-79.70047683580401,43.46914070054197
Oakville,park,-79.70865084999998,43.460657300541996
Oakville,park,-79.70126417768631,43.46876255054198
Oakville,park,-79.70075722306336,43.46925330054197
Oakville,park,-79.6934803,43.42081280054199
Oakville,park,-79.70091112604939,43.46919455054197
Oakville,park,-79.68650166643963,43.47768085054195
Oakville,playground,-79.69357898139049,43.42070205054199
Oakville,park,-79.70158751950265,43.46877370054197
Oakville,park,-79.69691966725583,43.472589950541966
Oakville,park,-79.70108301289471,43.46952620054198
Oakville,playground,-79.68503467883247,43.478142700541966
Oakville,playground,-79.68282107080017,43.47883915054196
Oakville,playground,-79.6844576994294,43.47846515054196
Oakville,park,-79.70160408630186,43.46947400054197
Oakville,park,-79.70185875488,43.469289500541976
Oakville,park,-79.70217813266996,43.46936480054197
Oakville,park,-79.71193872256816,43.457657250541985
Oakville,park,-79.70199097185659,43.46966375054198
Oakville,playground,-79.71149565519013,43.45783555054199
Oakville,park,-79.6401086095076,43.476336700541964
Oakville,park,-79.69629988478052,43.474174450541966
Oakville,park,-79.69736366380232,43.47399000054197
Oakville,park,-79.70172738898673,43.471424900541976
Oakville,playground,-79.69723749137427,43.473920750541964
Oakville,playground,-79.63960782357933,43.47594250054196
Oakville,park,-79.71102015234743,43.46153275054199
Oakville,playground,-79.70189756543658,43.47123015054198
Oakville,park,-79.71455398541704,43.44144365054201
Oakville,park,-79.70070330972737,43.42087485054199
Oakville,playground,-79.70956223131435,43.463609800541974
Oakville,playground,-79.7113340611455,43.46119910054198
Oakville,park,-79.69431463935243,43.47709235054196
Oakville,playground,-79.714544241638,43.441426800542004
Oakville,park,-79.7047847435995,43.424356300541994
Oakville,playground,-79.70839753870135,43.466112350541984
Oakville,playground,-79.70405903322367,43.424417450541995
Oakville,park,-79.64290209653603,43.479385200541955
Oakville,playground,-79.69459376020441,43.47710445054196
Oakville,playground,-79.64299851818181,43.47898870054195
Oakville,park,-79.68933100261208,43.48052745054195
Oakville,park,-79.6795836569332,43.48745455054193
Oakville,park,-79.70811360300002,43.46832855054197
Oakville,playground,-79.71619820000001,43.44066670054201
Oakville,park,-79.70799178299221,43.47239730054197
Oakville,playground,-79.71212024148518,43.46480675054198
Oakville,park,-79.69409644171108,43.41419870054199
Oakville,park,-79.70647713576632,43.47440550054197
Oakville,private,-79.68767134999999,43.48203570054194
Oakville,playground,-79.68955535286653,43.481444400541946
Oakville,playground,-79.69705914589758,43.41639985054199
Oakville,park,-79.71500910537719,43.462906450541986
Oakville,park,-79.63690989336489,43.479983700541936
Oakville,park,-79.71719039859849,43.46083810054199
Oakville,park,-79.6965952,43.41539460054198
Oakville,playground,-79.63699192232937,43.479872550541955
Oakville,private,-79.71255880000001,43.467596750541986
Oakville,park,-79.72279781698796,43.440429450542
Oakville,playground,-79.69399761119263,43.481065600541946
Oakville,park,-79.6877130246921,43.48378645054194
Oakville,park,-79.64836799236869,43.48494180054194
Oakville,playground,-79.71258208221428,43.468388750541976
Oakville,park,-79.69297491963391,43.482410250541946
Oakville,playground,-79.64834198180793,43.484756300541946
Oakville,playground,-79.68694730927902,43.48441185054194
Oakville,playground,-79.69298855567982,43.48235335054194
Oakville,park,-79.72241266276939,43.447169000542004
Oakville,park,-79.64056066070214,43.48380540054195
Oakville,playground,-79.71634119727722,43.465420500541974
Oakville,playground,-79.64180392818854,43.483885950541946
Oakville,park,-79.64712576471399,43.48731745054192
Oakville,park,-79.69250540261936,43.40786350054198
Oakville,playground,-79.70932349363,43.47426795054197
Oakville,playground,-79.72241408762413,43.44093720054201
Oakville,playground,-79.68371399800843,43.48656475054193
Oakville,park,-79.72353899397032,43.448957550542005
Oakville,playground,-79.68386894999999,43.48663590054193
Oakville,playground,-79.7012824497472,43.479951050541956
Oakville,park,-79.63312983514652,43.48138500054195
Oakville,playground,-79.72125229462884,43.45988740054199
Oakville,park,-79.6929608535238,43.48659555054195
Oakville,playground,-79.72134251875525,43.46019155054197
Oakville,park,-79.72049048070824,43.46610195054198
Oakville,park,-79.70012614129786,43.41200010054199
Oakville,park,-79.70414712146713,43.48138915054195
Oakville,park,-79.70634195573001,43.414783600541995
Oakville,playground,-79.69243532215263,43.408621900541974
Oakville,playground,-79.71527239783416,43.472097800541974
Oakville,park,-79.72767364214883,43.45116005054199
Oakville,playground,-79.69998488499999,43.41162720054198
Oakville,playground,-79.72017904757556,43.46639090054198
Oakville,playground,-79.70410534842406,43.481223800541954
Oakville,park,-79.64526288357287,43.48852420054193
Oakville,playground,-79.69262589181821,43.408336300541976
Oakville,park,-79.72202886092441,43.42877015054199
Oakville,playground,-79.72121679585668,43.46583435054199
Oakville,playground,-79.70676733895348,43.41491625054199
Oakville,playground,-79.64508403367806,43.48849770054193
Oakville,playground,-79.72175676745887,43.46542905054197
Oakville,playground,-79.6936366315366,43.487250000541934
Oakville,playground,-79.69327906616647,43.48735260054194
Oakville,park,-79.64387293868705,43.48927525054192
Oakville,park,-79.71732002002469,43.474925550541954
Oakville,private,-79.65436253749999,43.49131460054191
Oakville,park,-79.72731704279724,43.434337650542005
Oakville,park,-79.72858942416639,43.438199900542
Oakville,park,-79.72456117838313,43.46943175054197
Oakville,park,-79.71241684679273,43.478906700541955
Oakville,park,-79.71374455824079,43.47776580054195
Oakville,playground,-79.728125035777,43.43816300054201
Oakville,playground,-79.72052262646773,43.47132770054196
Oakville,park,-79.71922114773196,43.47299480054197
Oakville,park,-79.66398825567582,43.494077150541905
Oakville,park,-79.72099643030194,43.47148415054197
Oakville,playground,-79.71790434829481,43.47484450054196
Oakville,park,-79.70195299909273,43.488653550541926
Oakville,playground,-79.66417189831571,43.493849650541904
Oakville,park,-79.66779439702697,43.49657690054191
Oakville,playground,-79.70156174789591,43.48687215054194
Oakville,playground,-79.72836746086497,43.43389670054201
Oakville,park,-79.73205623021579,43.444091600541995
Oakville,park,-79.68971052991446,43.49342680054191
Oakville,private,-79.71927383377886,43.47477495054197
Oakville,private,-79.7313914112255,43.44587350054201
Oakville,park,-79.66066321660198,43.49548470054191
Oakville,playground,-79.72121759999999,43.47328400054196
Oakville,park,-79.72196777465831,43.473089400541966
Oakville,playground,-79.7318051973865,43.444503200541995
Oakville,park,-79.72926036682706,43.463856450541975
Oakville,park,-79.70901359070092,43.48423765054194
Oakville,playground,-79.65985827268292,43.495002550541905
Oakville,park,-79.71612145283333,43.41480275054198
Oakville,park,-79.7230915314117,43.47299775054198
Oakville,playground,-79.69191750916877,43.49237625054192
Oakville,playground,-79.71591062245761,43.414754200542006
Oakville,park,-79.73401044732381,43.451891600542
Oakville,park,-79.70768238857917,43.486912950541935
Oakville,playground,-79.66190336351926,43.496245250541904
Oakville,playground,-79.70046076328097,43.40511410054197
Oakville,playground,-79.70090148807178,43.40514035054196
Oakville,park,-79.73170535772263,43.461457200541986
Oakville,park,-79.70135237763233,43.40458095054198
Oakville,park,-79.73565136532648,43.44646020054199
Oakville,playground,-79.7339543111583,43.452622150542
Oakville,playground,-79.73411326215768,43.452827350541995
Oakville,playground,-79.7342283563973,43.45260180054199
Oakville,park,-79.73481730775896,43.46132560054199
Oakville,park,-79.74796579830287,43.426348000542006
Oakville,park,-79.73285004886968,43.46560695054197
Oakville,park,-79.6652289735798,43.4979327505419
Oakville,playground,-79.70209952145356,43.40463910054197
Oakville,private,-79.6792969478395,43.49663570054191
Oakville,private,-79.67938451003073,43.49674880054191
Oakville,playground,-79.66531394999998,43.4976454005419
Oakville,private,-79.73536055579096,43.451229550541996
Oakville,park,-79.69905319842624,43.49267890054192
Oakville,park,-79.72251241881091,43.417242750541995
Oakville,playground,-79.69891579054433,43.49233480054191
Oakville,picnic,-79.69908599999998,43.492217700541914
Oakville,park,-79.72354025359871,43.47900590054196
Oakville,park,-79.72354025359871,43.47900590054196
Oakville,park,-79.73660838143678,43.44981875054199
Oakville,park,-79.71383260588348,43.40877855054197
Oakville,private,-79.71407467717391,43.48487075054194
Oakville,playground,-79.73665461224371,43.449843800542
Oakville,park,-79.7389382886106,43.43795015054201
Oakville,park,-79.71159838849546,43.48755480054192
Oakville,private,-79.71431821372437,43.40981670054199
Oakville,private,-79.6936485985294,43.49475415054191
Oakville,park,-79.65453901197677,43.4991711505419
Oakville,park,-79.74132883439958,43.44608980054201
Oakville,park,-79.70233762143394,43.39886560054196
Oakville,playground,-79.71226230737386,43.48706535054193
Oakville,park,-79.72120451887602,43.48108580054194
Oakville,playground,-79.71309884338235,43.40839390054198
Oakville,park,-79.73818251272348,43.443846600542
Oakville,park,-79.73481741359586,43.427600450542
Oakville,park,-79.73092313136291,43.47136380054198
Oakville,playground,-79.71447273886173,43.40892205054199
Oakville,playground,-79.72195520064261,43.48016240054195
Oakville,playground,-79.65442895644495,43.49866975054189
Oakville,playground,-79.72202864838297,43.48040380054196
Oakville,playground,-79.72222299536082,43.48032845054195
Oakville,playground,-79.73585282536585,43.46178750054199
Oakville,park,-79.65985756025229,43.501120700541875
Oakville,playground,-79.73175752339105,43.472421100541965
Oakville,playground,-79.7316532,43.47261135054197
Oakville,park,-79.7078666580068,43.40236455054196
Oakville,playground,-79.73370715355068,43.424105400542004
Oakville,park,-79.65200292140901,43.50074345054189
Oakville,yes,-79.7080009066542,43.402478000541976
Oakville,park,-79.70675727893108,43.40097835054196
Oakville,playground,-79.73657740274501,43.46563680054198
Oakville,park,-79.7408764,43.454557250541995
Oakville,park,-79.73721147894736,43.467506950541974
Oakville,playground,-79.7363378892857,43.46693310054198
Oakville,playground,-79.73993737183679,43.436949550542
Oakville,playground,-79.73633625427745,43.46718275054199
Oakville,park,-79.70751377307772,43.49352305054191
Oakville,park,-79.6954760843701,43.49899365054189
Oakville,park,-79.74208696579092,43.43984355054201
Oakville,playground,-79.70747129626167,43.49356505054192
Oakville,park,-79.71257271758702,43.40270415054197
Oakville,playground,-79.74210014197081,43.44729165054201
Oakville,park,-79.7421112406153,43.447308200542
Oakville,park,-79.74224364999998,43.453369250541996
Oakville,park,-79.73665856710397,43.47064020054197
Oakville,park,-79.74085099313263,43.43062540054201
Oakville,yes,-79.70910781977415,43.40153780054196
Oakville,park,-79.70801333519127,43.400285750541954
Oakville,park,-79.66194126839852,43.50358370054188
Oakville,park,-79.74170079555354,43.432965400542
Oakville,park,-79.7410390685829,43.460907700541995
Oakville,park,-79.71952034073041,43.40544045054197
Oakville,playground,-79.66217766035282,43.50340610054188
Oakville,playground,-79.70359558308823,43.39827600054195
Oakville,playground,-79.69639627446506,43.4991722505419
Oakville,playground,-79.69622209316512,43.4993400505419
Oakville,park,-79.7204475423645,43.40262775054197
Oakville,playground,-79.74105745499479,43.43128835054199
Oakville,park,-79.73881777194961,43.468453450541986
Oakville,playground,-79.74101222164947,43.431032050542
Oakville,park,-79.70230974352916,43.39588705054195
Oakville,park,-79.74082381009819,43.46555670054198
Oakville,park,-79.72000576839724,43.49015070054192
Oakville,park,-79.70367371718844,43.49811035054189
Oakville,park,-79.70528930635598,43.39539365054195
Oakville,yes,-79.72116207529145,43.40602120054197
Oakville,park,-79.73405164285154,43.47879265054196
Oakville,playground,-79.70359764975194,43.4981913505419
Oakville,park,-79.74717509583832,43.445296950542
Oakville,park,-79.72480764495157,43.48695480054192
Oakville,park,-79.74258281289424,43.428699100542005
Oakville,yes,-79.74302957500001,43.43168925054199
Oakville,playground,-79.72474594128133,43.48703580054193
Oakville,playground,-79.74651468499607,43.444821900542
Oakville,playground,-79.74658399707295,43.444498700542
Oakville,playground,-79.70461181846642,43.39586625054196
Oakville,park,-79.7381202581175,43.47454710054197
Oakville,park,-79.69950887736573,43.50163550054188
Oakville,playground,-79.734129705849,43.47971495054195
Oakville,playground,-79.73823283497403,43.47458870054196
Oakville,park,-79.70759175768669,43.39651030054195
Oakville,playground,-79.7075989808767,43.39649010054195
Oakville,playground,-79.74574978051206,43.46154310054198
Oakville,park,-79.75000751977839,43.448224600542005
Oakville,park,-79.71970165128957,43.49416705054192
Oakville,playground,-79.71935894297475,43.493262950541904
Oakville,park,-79.73108715202167,43.48592290054195
Oakville,park,-79.70235120737584,43.502328250541886
Oakville,playground,-79.71975828918251,43.49329945054191
Oakville,playground,-79.73122954446563,43.485012850541935
Oakville,park,-79.75381306582881,43.43500660054201
Oakville,playground,-79.73138912715841,43.48543190054194
Oakville,park,-79.73722397434682,43.47975695054196
Oakville,park,-79.7076054797574,43.39455260054195
Oakville,playground,-79.73722004926861,43.47973135054196
Oakville,park,-79.71236827419924,43.39613000054195
Oakville,park,-79.72490908636902,43.40094825054196
Oakville,park,-79.706691,43.39382710054195
Oakville,playground,-79.74900248464624,43.434978450542005
Oakville,park,-79.69888340115426,43.50427815054188
Oakville,private,-79.75017997419229,43.439326250541995
Oakville,playground,-79.74819707220038,43.463214200541984
Oakville,playground,-79.69908572906814,43.504198850541876
Oakville,park,-79.66760778592558,43.50980635054185
Oakville,park,-79.75089277455552,43.453333450542004
Oakville,park,-79.75042919037905,43.46579700054198
Oakville,park,-79.6771967787445,43.510818000541846
Oakville,park,-79.7079405,43.393435700541936
Oakville,park,-79.71950963521257,43.397325150541946
Oakville,park,-79.72202592764785,43.399160800541964
Oakville,park,-79.7548805371612,43.44871820054199
Oakville,park,-79.7458913610642,43.47278565054197
Oakville,park,-79.75294698027199,43.43182945054201
Oakville,playground,-79.722160575,43.39982625054196
Oakville,playground,-79.71808711576168,43.397302250541955
Oakville,park,-79.710177527435,43.39230095054194
Oakville,park,-79.75380305931515,43.444150100542004
Oakville,playground,-79.75286659341725,43.455527800542
Oakville,park,-79.72373688966164,43.49736890054191
Oakville,park,-79.74825630000001,43.47048025054197
Oakville,park,-79.75391617161294,43.452016950541996
Oakville,playground,-79.74812590769339,43.470451400541975
Oakville,park,-79.7213496976263,43.497418600541906
Oakville,playground,-79.74675557001879,43.473150050541975
Oakville,playground,-79.72142998926864,43.4974405005419
Oakville,playground,-79.75467312625698,43.448373800542
Oakville,playground,-79.75471288345398,43.44819465054199
Oakville,park,-79.75483624414525,43.445944400542004
Oakville,playground,-79.7469809400468,43.42093205054199
Oakville,playground,-79.75145179999998,43.46492420054199
Oakville,playground,-79.75502356569865,43.448280150542004
Oakville,playground,-79.74748095641024,43.420896000541994
Oshawa,park,-78.86537486225373,43.89622105053581
Oshawa,park,-78.8632145513362,43.894326900535866
Oshawa,park,-78.86670575295132,43.89491635053585
Oshawa,park,-78.86867235154463,43.89690505053579
Oshawa,playground,-78.86278942597,43.90124830053567
Oshawa,park,-78.87054859849597,43.899854200535714
Oshawa,park,-78.87085512912776,43.9002538505357
Oshawa,playground,-78.86518663594569,43.893644550535875
Oshawa,park,-78.86666175616139,43.891768550535936
Oshawa,park,-78.87109230436903,43.89936935053572
Oshawa,park,-78.87139128992064,43.90006715053569
Oshawa,playground,-78.86199059574955,43.89152830053594
Oshawa,yes,-78.87072118401208,43.90084235053568
Oshawa,park,-78.8644046112992,43.890472550535975
Oshawa,yes,-78.87212504113302,43.89865500053574
Oshawa,park,-78.85453578087662,43.89564225053583
Oshawa,museum,-78.86790367499998,43.90421615053559
Oshawa,yes,-78.87115886989176,43.90100330053568
Oshawa,playground,-78.8638166625,43.89092395053595
Oshawa,yes,-78.86705228475323,43.89121385053595
Oshawa,yes,-78.86723660000001,43.891200500535945
Oshawa,park,-78.85338447764869,43.89616490053582
Oshawa,park,-78.8750598713672,43.90255725053564
Oshawa,park,-78.86386352195689,43.88773025053605
Oshawa,park,-78.85453117698043,43.89151100053594
Oshawa,park,-78.85076088397349,43.89632235053581
Oshawa,playground,-78.85152489999999,43.89617290053582
Oshawa,park,-78.87022754324337,43.88932065053599
Oshawa,playground,-78.87019331235294,43.88942695053599
Oshawa,park,-78.87064302670163,43.908357700535475
Oshawa,playground,-78.86488539999999,43.88785340053603
Oshawa,park,-78.87712303235456,43.89696305053579
Oshawa,park,-78.85964036027312,43.90839620053548
Oshawa,park,-78.85521643546892,43.888837000536014
Oshawa,playground,-78.87720589151922,43.89717990053579
Oshawa,playground,-78.87725852205593,43.89737980053578
Oshawa,park,-78.87529537500001,43.9037704505356
Oshawa,yes,-78.85527299606325,43.888960450536004
Oshawa,park,-78.84989307514883,43.90222720053565
Oshawa,park,-78.87530210288031,43.889138000536
Oshawa,park,-78.8624805337058,43.88494370053611
Oshawa,park,-78.86246085708997,43.9108048005354
Oshawa,yes,-78.87460996036131,43.88845110053602
Oshawa,park,-78.84486986193423,43.895706600535824
Oshawa,park,-78.84835014999999,43.88973410053599
Oshawa,park,-78.8481785114509,43.90693435053552
Oshawa,park,-78.85989090175315,43.882815150536175
Oshawa,playground,-78.8484330443755,43.88976370053599
Oshawa,playground,-78.84825724610695,43.88983570053598
Oshawa,playground,-78.84808366910656,43.88996090053598
Oshawa,park,-78.85613427553054,43.88482080053612
Oshawa,playground,-78.85623514075624,43.88494135053611
Oshawa,park,-78.88385033202871,43.897342500535785
Oshawa,park,-78.87540594987354,43.88456905053612
Oshawa,playground,-78.88359287231982,43.89773530053576
Oshawa,playground,-78.84736834999998,43.90615650053553
Oshawa,playground,-78.84715425139565,43.90611215053555
Oshawa,playground,-78.86093315609202,43.88286830053617
Oshawa,park,-78.84960966386465,43.91054045053541
Oshawa,park,-78.86130477302163,43.913923850535326
Oshawa,playground,-78.86087025412908,43.88273445053618
Oshawa,park,-78.85093074195713,43.885406450536095
Oshawa,private,-78.87062508023415,43.88222065053618
Oshawa,park,-78.88309970463676,43.887689900536046
Oshawa,private,-78.87162557252532,43.88234685053618
Oshawa,private,-78.88535963976827,43.90173800053566
Oshawa,park,-78.88016072082311,43.885055700536114
Oshawa,park,-78.85787817423437,43.91536695053528
Oshawa,private,-78.8852095,43.90407240053559
Oshawa,park,-78.88357080078289,43.90847380053547
Oshawa,park,-78.8740704083348,43.88126070053621
Oshawa,park,-78.89090138148788,43.89526110053585
Oshawa,park,-78.85295619729274,43.9147506505353
Oshawa,park,-78.8435977570737,43.885520250536096
Oshawa,yes,-78.88368903670212,43.887609500536044
Oshawa,playground,-78.85584026101252,43.91440335053531
Oshawa,playground,-78.87378378181569,43.88127715053621
Oshawa,playground,-78.85429689319034,43.91463810053529
Oshawa,playground,-78.84456270000001,43.88584095053609
Oshawa,playground,-78.88769407527131,43.8928366505359
Oshawa,playground,-78.8443069560958,43.88590040053609
Oshawa,playground,-78.88399286415877,43.90869940053546
Oshawa,park,-78.84119477931867,43.9075920005355
Oshawa,playground,-78.88930820961858,43.90000350053572
Oshawa,park,-78.83662531763082,43.900892550535694
Oshawa,playground,-78.85865236996838,43.91631320053526
Oshawa,park,-78.85617397213439,43.877209400536316
Oshawa,playground,-78.89030222012713,43.899711250535724
Oshawa,park,-78.88474608736476,43.92165865053511
Oshawa,playground,-78.84060244999999,43.90828570053548
Oshawa,playground,-78.84069641928203,43.90845035053548
Oshawa,park,-78.88109223609317,43.913044750535356
Oshawa,playground,-78.83661275,43.90210390053565
Oshawa,playground,-78.8365901,43.90191680053565
Oshawa,park,-78.84858866197945,43.91698270053523
Oshawa,customers,-78.8427183923123,43.88396855053614
Oshawa,park,-78.88986049471214,43.88647850053607
Oshawa,park,-78.84123685031724,43.88302660053617
Oshawa,park,-78.85398513549885,43.87565950053636
Oshawa,park,-78.89445969230076,43.89863960053575
Oshawa,park,-78.87815100206518,43.916830000535235
Oshawa,yes,-78.89304442063829,43.90077540053568
Oshawa,park,-78.83498903419934,43.88814125053603
Oshawa,yes,-78.89325540753651,43.90068565053568
Oshawa,park,-78.8882692925603,43.883262000536156
Oshawa,playground,-78.8351847,43.90529335053556
Oshawa,playground,-78.88974896390448,43.886354700536074
Oshawa,yes,-78.89431242978199,43.89881670053575
Oshawa,picnic,-78.83556889999998,43.888141300536034
Oshawa,picnic,-78.8355305,43.888150900536026
Oshawa,picnic,-78.83548839999999,43.88815920053602
Oshawa,park,-78.84852927431035,43.918913400535175
Oshawa,park,-78.83899051483559,43.913705550535326
Oshawa,park,-78.84587969487808,43.877949250536304
Oshawa,playground,-78.83502649954129,43.88825320053603
Oshawa,park,-78.86935219642857,43.92244560053508
Oshawa,picnic,-78.835159,43.888173000536035
Oshawa,picnic,-78.8351115,43.888151400536024
Oshawa,playground,-78.88856739055353,43.88385130053614
Oshawa,picnic,-78.83506399999999,43.88812830053604
Oshawa,park,-78.84455304536239,43.91629230053525
Oshawa,playground,-78.84440354613207,43.91605460053526
Oshawa,playground,-78.83987376012782,43.913156100535346
Oshawa,private,-78.83138699999999,43.90047590053569
Oshawa,park,-78.89666226642728,43.89640780053581
Oshawa,park,-78.83941159070693,43.881102750536215
Oshawa,park,-78.82975280592265,43.898012500535756
Oshawa,playground,-78.85577111119954,43.8742862505364
Oshawa,playground,-78.83035562999999,43.89773510053576
Oshawa,park,-78.83050749281176,43.89249920053591
Oshawa,playground,-78.89679264684588,43.896417200535794
Oshawa,park,-78.84492394211914,43.91867135053518
Oshawa,park,-78.89515738645595,43.88767145053605
Oshawa,playground,-78.85568165677503,43.87409340053639
Oshawa,park,-78.83652297713223,43.91385955053532
Oshawa,playground,-78.89701130811852,43.8963514505358
Oshawa,park,-78.89239434847141,43.88375140053614
Oshawa,playground,-78.84510159431228,43.917911350535206
Oshawa,park,-78.849969948909,43.87280725053643
Oshawa,playground,-78.89380216436949,43.88623705053608
Oshawa,playground,-78.83902101473534,43.88046240053623
Oshawa,park,-78.88670543008654,43.91675230053523
Oshawa,park,-78.8771376716515,43.92094835053511
Oshawa,park,-78.89683556322618,43.905673900535554
Oshawa,park,-78.8770378981043,43.874321750536396
Oshawa,playground,-78.88619843212604,43.91638185053526
Oshawa,park,-78.85702111268706,43.92288335053506
Oshawa,park,-78.89304594378814,43.881201050536205
Oshawa,park,-78.85160236548651,43.92403415053503
Oshawa,playground,-78.83655726337645,43.91358390053533
Oshawa,playground,-78.8685026839129,43.922717900535076
Oshawa,playground,-78.8581521244995,43.92264430053507
Oshawa,playground,-78.83641536111111,43.91367490053533
Oshawa,playground,-78.83641102846951,43.913905900535326
Oshawa,playground,-78.8684600757755,43.92277465053506
Oshawa,playground,-78.86844194999999,43.92290115053506
Oshawa,yes,-78.88349166340087,43.91889045053518
Oshawa,park,-78.8318169084928,43.90988645053544
Oshawa,park,-78.83295498106726,43.88380515053615
Oshawa,park,-78.8261324799391,43.90059730053569
Oshawa,playground,-78.86539694999999,43.92346760053505
Oshawa,playground,-78.8932692526415,43.882957000536166
Oshawa,playground,-78.83179514257273,43.90969975053544
Oshawa,playground,-78.85599153376126,43.92305905053506
Oshawa,playground,-78.83165924667534,43.909758300535444
Oshawa,park,-78.8626688855694,43.92397370053504
Oshawa,yes,-78.86254733496386,43.924009750535035
Oshawa,park,-78.82641306994404,43.894411200535856
Oshawa,private,-78.90060647167695,43.9003761005357
Oshawa,playground,-78.82628084210037,43.89467110053586
Oshawa,park,-78.89885584896905,43.91082550053541
Oshawa,playground,-78.84298246415045,43.92077440053514
Oshawa,playground,-78.8252601999402,43.900713750535694
Oshawa,park,-78.83818087713468,43.91958515053516
Oshawa,park,-78.84748151075186,43.8700750005365
Oshawa,park,-78.86480180118679,43.92687560053495
Oshawa,playground,-78.83821502599184,43.91887440053519
Oshawa,private,-78.85575602698111,43.8699845005365
Oshawa,playground,-78.83808226294295,43.91899220053517
Oshawa,park,-78.82565869160717,43.90830260053548
Oshawa,park,-78.85761949166805,43.869574500536515
Oshawa,playground,-78.85241786365556,43.8703589505365
Oshawa,park,-78.85749267793851,43.86928765053652
Oshawa,playground,-78.84410887914726,43.92253160053508
Oshawa,park,-78.8685359360606,43.92782320053492
Oshawa,park,-78.8938759,43.91709230053524
Oshawa,park,-78.86083150746822,43.92820065053491
Oshawa,private,-78.85575963487608,43.86858705053653
Oshawa,playground,-78.82514433187853,43.908271600535485
Oshawa,playground,-78.86164262968506,43.92732985053494
Oshawa,park,-78.8971235774539,43.91539560053528
Oshawa,park,-78.84939611749724,43.92680935053495
Oshawa,playground,-78.89722937697594,43.91547190053528
Oshawa,park,-78.90307996598143,43.90946030053545
Oshawa,park,-78.8718820525229,43.92930380053487
Oshawa,playground,-78.90130434457672,43.91157120053539
Oshawa,playground,-78.9014754,43.911628100535395
Oshawa,playground,-78.87952211898391,43.926160200534966
Oshawa,playground,-78.90299271394102,43.90943675053545
Oshawa,playground,-78.87310890344553,43.927731400534924
Oshawa,park,-78.83849988771927,43.866638500536595
Oshawa,park,-78.83819722586486,43.87174315053646
Oshawa,playground,-78.9046669760811,43.907284000535505
Oshawa,playground,-78.82025300000001,43.89913915053573
Oshawa,playground,-78.83815511665435,43.87182855053645
Oshawa,playground,-78.8473971248008,43.927953900534916
Oshawa,playground,-78.8477710137144,43.92804470053491
Oshawa,playground,-78.84802479769334,43.928156900534916
Oshawa,playground,-78.87619537522465,43.92897480053489
Oshawa,park,-78.83902907594772,43.86959545053651
Oshawa,park,-78.86854556151332,43.93074555053484
Oshawa,yes,-78.86804704866333,43.930813950534834
Oshawa,yes,-78.86816784787277,43.930953500534834
Oshawa,park,-78.85480945768049,43.86381035053667
Oshawa,playground,-78.83838279999999,43.92580375053498
Oshawa,park,-78.81618499767411,43.90323330053562
Oshawa,park,-78.82458679839166,43.925844100534974
Oshawa,park,-78.84125489088967,43.93019875053485
Oshawa,customers,-78.86936837588898,43.93153060053481
Oshawa,playground,-78.85475382689188,43.86389210053666
Oshawa,park,-78.85761556009311,43.932105550534786
Oshawa,yes,-78.85794195582608,43.9317896005348
Oshawa,playground,-78.83795796275416,43.86799675053655
Oshawa,park,-78.85595607375618,43.9321689005348
Oshawa,park,-78.88447091810585,43.93010845053485
Oshawa,playground,-78.8158583,43.90365970053561
Oshawa,playground,-78.81567697326909,43.903513400535616
Oshawa,park,-78.83438659067983,43.927456100534926
Oshawa,park,-78.83100825011186,43.92847010053491
Oshawa,playground,-78.8556820318905,43.9324196505348
Oshawa,park,-78.82405889619346,43.919293900535166
Oshawa,playground,-78.85392684752664,43.93220135053479
Oshawa,park,-78.83060760696253,43.868655050536546
Oshawa,playground,-78.82467567474424,43.919455350535166
Oshawa,yes,-78.90687764288612,43.9146961505353
Oshawa,playground,-78.82457956616886,43.91960405053516
Oshawa,playground,-78.88374345237126,43.93032560053484
Oshawa,park,-78.81404525685147,43.889039800536004
Oshawa,park,-78.82564101251694,43.92192010053509
Oshawa,playground,-78.8359028763012,43.927472000534934
Oshawa,park,-78.85393213121935,43.93361555053475
Oshawa,playground,-78.8359480945151,43.92756380053493
Oshawa,private,-78.85496999270933,43.86201245053671
Oshawa,playground,-78.88375188515036,43.93055865053484
Oshawa,private,-78.85517774999998,43.861923950536706
Oshawa,playground,-78.8839438,43.93062395053484
Oshawa,playground,-78.84109444999999,43.92996560053486
Oshawa,playground,-78.84086856542555,43.93003485053485
Oshawa,park,-78.85098182394785,43.86183800053671
Oshawa,park,-78.83286330259907,43.86850050053654
Oshawa,playground,-78.84998219938842,43.8622705505367
Oshawa,private,-78.87181529057591,43.93367185053476
Oshawa,playground,-78.8491983915344,43.8623086005367
Oshawa,yes,-78.8258063209292,43.92235675053507
Oshawa,playground,-78.84990019166634,43.8620756005367
Oshawa,playground,-78.8134323756681,43.88967095053599
Oshawa,playground,-78.8650473480974,43.935119600534705
Oshawa,park,-78.85258715223564,43.934961850534705
Oshawa,park,-78.87352389140352,43.93443460053473
Oshawa,park,-78.80970927121362,43.89171110053593
Oshawa,yes,-78.8518781046418,43.93506210053472
Oshawa,park,-78.8309969,43.92823180053491
Oshawa,park,-78.87622901853975,43.93548245053469
Oshawa,playground,-78.84426743237341,43.861274950536725
Oshawa,playground,-78.87599657935968,43.9355379005347
Oshawa,playground,-78.84415143359999,43.86120340053672
Oshawa,playground,-78.84394502268322,43.86125465053672
Oshawa,park,-78.82934321718182,43.86739560053657
Oshawa,park,-78.84064022710866,43.93424800053472
Oshawa,picnic,-78.82980719999999,43.9284266005349
Oshawa,park,-78.82772678183062,43.92807920053492
Oshawa,playground,-78.87099231285919,43.93674825053466
Oshawa,park,-78.86867963709516,43.93731510053465
Oshawa,park,-78.8311498849779,43.861968650536696
Oshawa,park,-78.83989436694353,43.85914085053678
Oshawa,park,-78.88500187130666,43.93469480053473
Oshawa,playground,-78.87432921063342,43.93668845053466
Oshawa,playground,-78.88477483372395,43.934470350534724
Oshawa,playground,-78.80879589093485,43.89162315053593
Oshawa,park,-78.88999679744643,43.93590465053468
Oshawa,playground,-78.87169975,43.937477100534636
Oshawa,playground,-78.87360609687038,43.93731480053465
Oshawa,park,-78.8693542629685,43.94035360053455
Oshawa,playground,-78.83410025420089,43.862473850536695
Oshawa,park,-78.86822042258453,43.853576900536915
Oshawa,park,-78.84418289983265,43.85791450053682
Oshawa,park,-78.83303007335482,43.86121825053673
Oshawa,playground,-78.86624704863635,43.9388744505346
Oshawa,playground,-78.86641918138955,43.93898065053459
Oshawa,park,-78.86882997132014,43.85444515053689
Oshawa,park,-78.85360799768435,43.93936775053458
Oshawa,park,-78.8310119,43.8625331005367
Oshawa,park,-78.84372969999998,43.93815760053462
Oshawa,picnic,-78.8303593,43.8621342005367
Oshawa,yes,-78.82750372691386,43.863205900536684
Oshawa,park,-78.83176973908822,43.93465755053472
Oshawa,playground,-78.84359110794261,43.93816465053462
Oshawa,park,-78.80599397142933,43.88458795053613
Oshawa,park,-78.8287895727439,43.86234565053671
Oshawa,playground,-78.83152460091998,43.93446285053473
Oshawa,park,-78.8286719,43.86219850053671
Oshawa,playground,-78.80603638552756,43.88434655053612
Oshawa,playground,-78.80591444694083,43.88443710053613
Oshawa,park,-78.86302651777791,43.9419259005345
Oshawa,yes,-78.83096008642431,43.860501550536746
Oshawa,park,-78.88366291238444,43.85444795053691
Oshawa,park,-78.83922677498262,43.938556950534604
Oshawa,playground,-78.8643504635953,43.941651800534515
Oshawa,park,-78.85349610075434,43.94169725053451
Oshawa,yes,-78.85349879660572,43.9416088005345
Oshawa,yes,-78.85357070133139,43.94177830053451
Oshawa,park,-78.82730165726113,43.935558200534686
Oshawa,park,-78.80368815041709,43.8819102005362
Oshawa,playground,-78.80380136457283,43.88201755053619
Oshawa,park,-78.83383303575923,43.939429550534584
Oshawa,park,-78.89066159161064,43.940625700534554
Oshawa,playground,-78.89001455661662,43.94033650053455
Oshawa,playground,-78.890124732499,43.94057795053456
Oshawa,playground,-78.83466418382076,43.93994410053456
Oshawa,playground,-78.83442312572015,43.940002900534566
Oshawa,park,-78.85853551237845,43.94633800053437
Oshawa,yes,-78.85792593991596,43.94589180053438
Oshawa,yes,-78.85761807804238,43.94597335053438
Oshawa,park,-78.89666266482396,43.94085520053454
Oshawa,playground,-78.8507110973342,43.94592995053438
Oshawa,park,-78.85110217946189,43.94804075053432
Oshawa,park,-78.83608486348268,43.943335900534464
Oshawa,park,-78.8971748213407,43.94149205053452
Oshawa,park,-78.89471252279282,43.94269815053448
Oshawa,yes,-78.8523169420065,43.94764630053433
Oshawa,park,-78.89505311656069,43.942609650534486
Oshawa,park,-78.89563912218794,43.94247870053448
Oshawa,park,-78.84592047488219,43.94728590053435
Oshawa,park,-78.8684442923508,43.94855290053431
Oshawa,yes,-78.8520845195504,43.94758875053434
Oshawa,park,-78.8931542890221,43.94453565053442
Oshawa,park,-78.85270034219414,43.94802540053432
Oshawa,park,-78.89650540179849,43.94249165053448
Oshawa,playground,-78.86791270620856,43.9486076505343
Oshawa,picnic,-78.89733289999998,43.94259690053449
Oshawa,picnic,-78.8972663,43.94263000053448
Oshawa,picnic,-78.89719849999999,43.94265890053448
Oshawa,picnic,-78.89742360000001,43.942599400534476
Oshawa,picnic,-78.89735469999998,43.94263830053448
Oshawa,picnic,-78.89728469999999,43.942672200534474
Oshawa,park,-78.83149225389238,43.94495160053441
Oshawa,park,-78.83820598850326,43.94700010053435
Oshawa,park,-78.87793298475566,43.94874995053429
Oshawa,park,-78.89772714755935,43.94383555053445
Oshawa,park,-78.89417405351648,43.94522415053441
Oshawa,playground,-78.87802554975846,43.9487328005343
Oshawa,yes,-78.83748742364,43.94636190053437
Oshawa,playground,-78.87798334056635,43.9489304505343
Oshawa,park,-78.89464684566855,43.94577365053439
Oshawa,park,-78.89740314973503,43.94443850053443
Oshawa,park,-78.89684081459407,43.945112750534406
Burlington,park,-79.79988444719814,43.32033115054161
Burlington,picnic,-79.79742539999998,43.32561330054164
Burlington,picnic,-79.79745959999998,43.32563820054165
Burlington,park,-79.79631379705451,43.323537650541624
Burlington,park,-79.79642229134643,43.32346590054163
Burlington,picnic,-79.7983437,43.325670100541636
Burlington,picnic,-79.7989056,43.32622250054164
Burlington,park,-79.79321699505162,43.32477020054164
Burlington,park,-79.7965932339315,43.32870940054166
Burlington,park,-79.80100809999999,43.32324125054162
Burlington,playground,-79.79692822927765,43.32848935054166
Burlington,playground,-79.79722403759494,43.32862675054166
Burlington,playground,-79.7989638024415,43.3211072505416
Burlington,playground,-79.79919392203217,43.3209109005416
Burlington,park,-79.80183543108207,43.32163695054162
Burlington,playground,-79.80427515193733,43.32242885054162
Burlington,park,-79.80132957900898,43.31931150054159
Burlington,park,-79.79989731224933,43.33144035054167
Burlington,park,-79.8013097421979,43.319208050541604
Burlington,park,-79.80034746930224,43.33186455054168
Burlington,park,-79.80792300936093,43.32817940054166
Burlington,park,-79.80821520397248,43.32448695054163
Burlington,playground,-79.80727938288368,43.32785960054166
Burlington,playground,-79.80726214999999,43.32805405054165
Burlington,playground,-79.80543525,43.33061475054168
Burlington,playground,-79.80678247021014,43.32051825054161
Burlington,playground,-79.80450065414553,43.33135740054167
Burlington,playground,-79.80557555,43.330787950541676
Burlington,playground,-79.80588012461723,43.33055085054167
Burlington,private,-79.78702148119046,43.33017550054166
Burlington,playground,-79.78642496988806,43.32972170054167
Burlington,park,-79.79250373536097,43.33706195054171
Burlington,park,-79.81494899160737,43.322231700541614
Burlington,park,-79.79289283903248,43.336385350541704
Burlington,yes,-79.79172032470703,43.33625405054171
Burlington,yes,-79.7918959261736,43.33633430054171
Burlington,park,-79.81597433063776,43.32863400054166
Burlington,park,-79.80607099070487,43.33789730054173
Burlington,playground,-79.81533905263304,43.323073850541626
Burlington,playground,-79.81509015,43.32837375054166
Burlington,playground,-79.81558279999999,43.32308050054162
Burlington,playground,-79.81524884999999,43.328313950541656
Burlington,playground,-79.8059093725,43.33786485054171
Burlington,private,-79.80408347508913,43.338564700541724
Burlington,playground,-79.80526111988908,43.338326700541714
Burlington,playground,-79.80014629999998,43.309550700541536
Burlington,park,-79.77757108189579,43.332855250541684
Burlington,yes,-79.78975637120757,43.33990365054172
Burlington,playground,-79.77750450652687,43.33289300054169
Burlington,park,-79.82023468794068,43.3193245005416
Burlington,playground,-79.79941059999999,43.307548000541516
Burlington,park,-79.82187109163715,43.3189925005416
Burlington,playground,-79.82063691415209,43.319499850541604
Burlington,playground,-79.82078079856907,43.3195918505416
Burlington,park,-79.77853091873524,43.33807840054172
Burlington,playground,-79.82302404281555,43.32365915054163
Burlington,playground,-79.82369853206521,43.323593150541626
Burlington,park,-79.8234520077273,43.32023915054161
Burlington,private,-79.82109213742015,43.315632850541576
Burlington,park,-79.82554450577987,43.321640800541616
Burlington,park,-79.7991662451991,43.30342125054149
Burlington,playground,-79.81940404839074,43.33716855054172
Burlington,park,-79.82603612723986,43.33289850054169
Burlington,park,-79.78993187838051,43.34627680054176
Burlington,playground,-79.79023908826878,43.34598520054176
Burlington,park,-79.8283983,43.32356280054163
Burlington,playground,-79.82762663756156,43.323173450541624
Burlington,playground,-79.78887187297377,43.34686470054176
Burlington,playground,-79.82781863729723,43.32311045054162
Burlington,park,-79.7699757139639,43.337830450541716
Burlington,park,-79.79814879981672,43.30024395054146
Burlington,park,-79.80217395242192,43.348447000541775
Burlington,playground,-79.82713034999998,43.334107550541695
Burlington,playground,-79.82727974326923,43.334187150541695
Burlington,park,-79.78237424445759,43.347874550541775
Burlington,playground,-79.80270422238297,43.34895785054178
Burlington,park,-79.7862214441841,43.349218900541786
Burlington,playground,-79.78181460622599,43.34766135054177
Burlington,playground,-79.78181125612592,43.34783750054177
Burlington,playground,-79.78063547222948,43.347639400541766
Burlington,park,-79.8176459109983,43.347054750541766
Burlington,park,-79.83283774999998,43.31663735054158
Burlington,playground,-79.81860876634947,43.34693880054178
Burlington,playground,-79.81860578655147,43.34706800054177
Burlington,playground,-79.83265377975745,43.316755550541586
Burlington,playground,-79.76949847297189,43.345724450541766
Burlington,playground,-79.7692469,43.34577270054176
Burlington,park,-79.7700547328981,43.34751950054177
Burlington,park,-79.77489748400416,43.351358600541786
Burlington,park,-79.77572053917494,43.351891450541785
Burlington,park,-79.83776532142501,43.321138400541614
Burlington,playground,-79.83781713700088,43.321255700541606
Burlington,playground,-79.7767630488681,43.3517515005418
Burlington,playground,-79.83767416241858,43.318710200541595
Burlington,playground,-79.8378642796875,43.318838150541595
Burlington,park,-79.83163829692205,43.307413750541514
Burlington,park,-79.81328586951125,43.3551932505418
Burlington,playground,-79.7751233597688,43.352122950541805
Burlington,park,-79.82587142134713,43.34837175054177
Burlington,playground,-79.82587186790225,43.34831910054177
Burlington,playground,-79.81322000936908,43.354742950541805
Burlington,park,-79.77313839937653,43.353884150541816
Burlington,park,-79.82302536171588,43.3534868005418
Burlington,playground,-79.82225085,43.35204790054179
Burlington,playground,-79.82237566411764,43.352179500541794
Burlington,playground,-79.82149712497764,43.353361550541806
Burlington,playground,-79.82150429270462,43.3535457005418
Burlington,playground,-79.82131430783582,43.3536292005418
Burlington,park,-79.7601312267544,43.345796200541756
Burlington,playground,-79.83866392787161,43.34020090054173
Burlington,park,-79.77151079499646,43.35617870054181
Burlington,park,-79.8456348358061,43.315290000541566
Burlington,park,-79.83804836768061,43.34619210054176
Burlington,playground,-79.77099654081164,43.35550890054181
Burlington,park,-79.84059191565098,43.345005200541756
Burlington,park,-79.77287082004271,43.358657950541826
Burlington,yes,-79.84435949642595,43.31362900054155
Burlington,playground,-79.83645049999998,43.34756790054178
Burlington,playground,-79.8365777,43.347607900541774
Burlington,park,-79.83304441983059,43.35200605054179
Burlington,playground,-79.84746067538507,43.32868355054167
Burlington,park,-79.81884758955492,43.358595150541824
Burlington,park,-79.76504916681158,43.355299100541814
Burlington,playground,-79.84588040267522,43.314567050541555
Burlington,park,-79.84502547161995,43.302712250541475
Burlington,playground,-79.81891482172536,43.35859110054182
Burlington,playground,-79.84607893954109,43.31470130054157
Burlington,park,-79.76998485575146,43.35843840054182
Burlington,playground,-79.83373555155262,43.351823050541796
Burlington,playground,-79.83367050004529,43.35198565054179
Burlington,park,-79.8070238639674,43.36441405054184
Burlington,playground,-79.77342800770089,43.35935450054182
Burlington,playground,-79.76444705233087,43.355241550541805
Burlington,playground,-79.76427579999998,43.35519245054181
Burlington,playground,-79.84233964208349,43.34433160054175
Burlington,playground,-79.77338293941683,43.35951125054183
Burlington,playground,-79.84229051329113,43.34446650054175
Burlington,park,-79.85235579831365,43.332423400541686
Burlington,playground,-79.84519810529099,43.30882460054153
Burlington,playground,-79.8272745273753,43.35725235054181
Burlington,park,-79.75745308372711,43.35307005054179
Burlington,playground,-79.75821453370487,43.3529435005418
Burlington,playground,-79.75801003260284,43.352912750541805
Burlington,playground,-79.84684419999999,43.30925835054152
Burlington,park,-79.76647596186785,43.362433400541846
Burlington,park,-79.81273118173515,43.36424155054185
Burlington,private,-79.8270012,43.35889065054183
Burlington,playground,-79.8129449041898,43.36398510054184
Burlington,park,-79.83828641731868,43.35767655054181
Burlington,park,-79.75262431327485,43.35341585054179
Burlington,park,-79.81180677295342,43.36792455054187
Burlington,playground,-79.8459477787994,43.30252520054147
Burlington,picnic,-79.8453411,43.301972100541484
Burlington,playground,-79.84611202990709,43.30261000054148
Burlington,park,-79.85671788761756,43.311219200541544
Burlington,playground,-79.76319984624563,43.35986590054183
Burlington,picnic,-79.845688,43.30165280054147
Burlington,playground,-79.76349110050393,43.360083600541834
Burlington,playground,-79.76317998333332,43.36016590054183
Burlington,park,-79.80831202042981,43.36908300054187
Burlington,park,-79.83858708775279,43.35682710054181
Burlington,playground,-79.83821269999999,43.35706565054182
Burlington,park,-79.84498296877243,43.35242395054179
Burlington,playground,-79.80825955738256,43.36901305054187
Burlington,park,-79.855485354074,43.31169715054155
Burlington,playground,-79.84004688723746,43.35679720054182
Burlington,park,-79.84271038658525,43.355279400541804
Burlington,park,-79.82723279773086,43.364713550541865
Burlington,park,-79.85581325865857,43.31144020054154
Burlington,playground,-79.84272759505603,43.355029500541804
Burlington,playground,-79.8429152774356,43.3550920505418
Burlington,playground,-79.80940165263158,43.36919940054186
Burlington,park,-79.8352862175633,43.36093335054183
Burlington,park,-79.81402839999998,43.36955205054187
Burlington,playground,-79.83513699588391,43.36096155054184
Burlington,playground,-79.82739279606537,43.365417700541855
Burlington,park,-79.75409780185927,43.36007235054183
Burlington,playground,-79.75398938107176,43.35970540054183
Burlington,park,-79.80154391256515,43.37271700054188
Burlington,playground,-79.76454223764247,43.36531385054185
Burlington,playground,-79.76443689033653,43.36542740054186
Burlington,playground,-79.8101346622756,43.37085925054187
Burlington,park,-79.83763740386317,43.363173750541854
Burlington,park,-79.84849957806121,43.3536246505418
Burlington,park,-79.80421775416426,43.37329555054188
Burlington,park,-79.84237548554145,43.36099475054184
Burlington,playground,-79.84037572842578,43.36036245054183
Burlington,playground,-79.81046215585607,43.37158705054187
Burlington,park,-79.76272081418207,43.36896700054186
Burlington,park,-79.85588401432527,43.35146725054179
Burlington,park,-79.857206565887,43.346622600541764
Burlington,playground,-79.83748399787986,43.36303740054185
Burlington,playground,-79.83762047506403,43.36316295054185
Burlington,park,-79.75160032928815,43.36170855054184
Burlington,playground,-79.81147526804193,43.372297600541884
Burlington,playground,-79.80146019999998,43.37337365054188
Burlington,playground,-79.75215363215621,43.36125860054183
Burlington,playground,-79.75204160785513,43.36147805054184
Burlington,park,-79.82367309113424,43.370724550541865
Burlington,playground,-79.82334025,43.37110450054188
Burlington,park,-79.86296115287522,43.306143350541504
Burlington,park,-79.86427061000262,43.303387950541484
Burlington,park,-79.84662956925499,43.36329100054185
Burlington,park,-79.84200402995432,43.36374065054185
Burlington,park,-79.75852924584503,43.368467650541874
Burlington,park,-79.83931829325317,43.36577660054185
Burlington,playground,-79.75816757939373,43.36789985054186
Burlington,park,-79.83632897494903,43.368050600541864
Burlington,picnic,-79.862792,43.3058279005415
Burlington,park,-79.86524833082218,43.3054344005415
Burlington,picnic,-79.8630527,43.30599340054151
Burlington,playground,-79.84528434627987,43.36348005054185
Burlington,playground,-79.86136107738515,43.302028650541466
Burlington,playground,-79.84558639955952,43.363569250541836
Burlington,playground,-79.86332736354882,43.30481865054149
Burlington,park,-79.743644295317,43.36277840054184
Burlington,park,-79.83363531514118,43.37029165054187
Burlington,park,-79.86286655652023,43.35427375054179
Burlington,playground,-79.86355973281535,43.3048361005415
Burlington,picnic,-79.86379799999999,43.305011300541494
Burlington,picnic,-79.86388259999998,43.3048360005415
Burlington,picnic,-79.8640205,43.304946300541495
Burlington,picnic,-79.8630224,43.30302490054147
Burlington,picnic,-79.8631225,43.30299870054148
Burlington,park,-79.79907476176454,43.37935060054191
Burlington,park,-79.74970048292668,43.367119100541856
Burlington,playground,-79.86433084187752,43.30344180054149
Burlington,playground,-79.79778616675895,43.37885635054191
Burlington,playground,-79.86441065757575,43.303203700541474
Burlington,park,-79.83741349064499,43.37077485054187
Burlington,playground,-79.79793555259417,43.3789436505419
Burlington,playground,-79.75025750118911,43.36698855054186
Burlington,playground,-79.84690181430678,43.36474155054186
Burlington,picnic,-79.8645557,43.30330890054148
Burlington,picnic,-79.86462179999998,43.30330230054148
Burlington,picnic,-79.8647268,43.30340580054149
Burlington,picnic,-79.86470279999999,43.30329070054148
Burlington,playground,-79.75003404919562,43.36709465054186
Burlington,picnic,-79.8647188,43.30303140054148
Burlington,picnic,-79.86493,43.303366400541485
Burlington,picnic,-79.8648699,43.30325610054148
Burlington,picnic,-79.8647919,43.30302920054147
Burlington,picnic,-79.86474689999999,43.30295350054147
Burlington,picnic,-79.86502809999999,43.30334900054149
Burlington,picnic,-79.864971,43.30324330054149
Burlington,park,-79.75528657409271,43.3796172505419
Burlington,park,-79.81244342073607,43.37885440054191
Burlington,park,-79.75578300426815,43.371204150541885
Burlington,picnic,-79.86554419999999,43.302624500541484
Burlington,picnic,-79.86553989999999,43.30258950054149
Burlington,playground,-79.81244203996607,43.378759000541905
Burlington,picnic,-79.86558799999999,43.302596700541486
Burlington,playground,-79.81231515848641,43.3788750005419
Burlington,playground,-79.81423165264361,43.37866655054191
Burlington,picnic,-79.8662804,43.30338730054148
Burlington,playground,-79.837921,43.37137165054189
Burlington,playground,-79.74730765429936,43.36709355054187
Burlington,playground,-79.83816694363635,43.37150770054188
Burlington,playground,-79.74755030846391,43.36785375054186
Burlington,park,-79.75656708162566,43.37334020054188
Burlington,playground,-79.82743817948116,43.376338650541896
Burlington,playground,-79.82746355488432,43.37649740054189
Burlington,playground,-79.75643715000001,43.373162950541875
Burlington,playground,-79.75656800570209,43.373272000541874
Burlington,playground,-79.83414198043045,43.374510600541896
Burlington,park,-79.87842791993249,43.29513650054141
Burlington,park,-79.80033460095527,43.382505750541924
Burlington,playground,-79.7517818074412,43.37134815054188
Burlington,playground,-79.80058639999999,43.38173900054191
Burlington,playground,-79.80518868333333,43.381534000541905
Burlington,park,-79.80092730000001,43.381876700541916
Burlington,playground,-79.86468083036563,43.3541276505418
Burlington,park,-79.75162389792695,43.37366060054188
Burlington,playground,-79.86490965955949,43.3542195005418
Burlington,playground,-79.83079729753781,43.377296400541894
Burlington,playground,-79.75331032157376,43.37356140054189
Burlington,park,-79.8655184225,43.35411935054181
Burlington,playground,-79.8267551344558,43.3793284505419
Burlington,park,-79.83133323090084,43.377889150541904
Burlington,park,-79.83133686093953,43.37798600054191
Burlington,park,-79.87666950575695,43.291898250541394
Burlington,playground,-79.75704703031587,43.377568300541895
Burlington,park,-79.7388770170204,43.369900950541876
Burlington,playground,-79.74084808976684,43.370404850541874
Burlington,private,-79.79365358643767,43.386067550541924
Burlington,yes,-79.80763307784974,43.38562575054192
Burlington,park,-79.83596837162395,43.37986420054192
Burlington,playground,-79.79934878042818,43.38644895054193
Burlington,playground,-79.83560845360532,43.379586500541905
Burlington,playground,-79.74970231802259,43.376086600541896
Burlington,playground,-79.80986317320328,43.38593715054192
Burlington,playground,-79.79472896173513,43.38680115054193
Burlington,park,-79.75466142765723,43.38339485054192
Burlington,playground,-79.79830014610215,43.38747305054194
Burlington,park,-79.81906055129838,43.38644225054193
Burlington,park,-79.73472847269656,43.36914375054188
Burlington,private,-79.7357661,43.369372600541865
Burlington,private,-79.74937511855606,43.3775857005419
Burlington,private,-79.73566304179103,43.369460450541865
Burlington,private,-79.73366430825713,43.36797530054186
Burlington,private,-79.73366012040918,43.36807025054186
Burlington,private,-79.73357443927341,43.36802135054185
Burlington,park,-79.88572148995996,43.325069250541645
Burlington,playground,-79.8122664137108,43.38759970054193
Burlington,playground,-79.81932716869062,43.386792400541935
Burlington,park,-79.74750515467434,43.3801961505419
Burlington,park,-79.73473202174324,43.37222000054187
Burlington,playground,-79.74837528833332,43.3797249005419
Burlington,park,-79.72785375183011,43.36831590054187
Burlington,playground,-79.75408461376674,43.382166950541915
Burlington,playground,-79.75416074787299,43.38234320054192
Burlington,playground,-79.73502994144327,43.37221450054188
Burlington,playground,-79.75396082722446,43.38231180054193
Burlington,private,-79.81819636462882,43.389196150541935
Burlington,private,-79.82330549954447,43.38839625054193
Burlington,private,-79.82872155172612,43.387135100541926
Burlington,playground,-79.72757436136364,43.368456800541864
Burlington,park,-79.75036853524779,43.382841500541915
Burlington,playground,-79.74699652765193,43.380804750541905
Burlington,playground,-79.7278450935397,43.36865650054187
Burlington,park,-79.87556819999999,43.291510600541386
Burlington,playground,-79.72757699162341,43.36858075054187
Burlington,park,-79.74665655524389,43.38136795054191
Burlington,park,-79.77856732765478,43.39166045054194
Burlington,park,-79.74336238520226,43.3802570505419
Burlington,park,-79.87717594097222,43.291723200541384
Burlington,park,-79.87718404636453,43.29163315054139
Burlington,park,-79.87729200082872,43.29168195054139
Burlington,playground,-79.7791567,43.39153675054195
Burlington,park,-79.8177276043584,43.39253535054195
Burlington,park,-79.74062523788875,43.380331900541904
Burlington,park,-79.78449287658252,43.393600600541944
Burlington,playground,-79.74083765,43.379947700541905
Burlington,playground,-79.74053782570621,43.37987775054191
Burlington,playground,-79.74021993878354,43.379981600541896
Burlington,playground,-79.78471586091547,43.39317400054195
Burlington,playground,-79.7403879943097,43.380178700541904
Burlington,park,-79.79933483795895,43.39748960054197
Burlington,playground,-79.79889634999999,43.39449070054195
Burlington,yes,-79.81860236355033,43.39310680054194
Burlington,private,-79.81948596936301,43.39391940054196
Burlington,park,-79.74933941083978,43.388145850541925
Burlington,park,-79.82889056442835,43.393079400541936
Burlington,playground,-79.79967841406248,43.39666000054196
Burlington,park,-79.81740002144755,43.39602950054196
Burlington,park,-79.82260999624833,43.39489115054195
Burlington,park,-79.88541029848264,43.2920841005414
Burlington,playground,-79.82260425,43.39491160054195
Burlington,park,-79.8204877015095,43.396128850541956
Burlington,park,-79.80861877573578,43.398046200541955
Burlington,park,-79.79411411666666,43.39839295054197
Burlington,playground,-79.79415021019874,43.39832475054196
Burlington,playground,-79.8081602206446,43.39810850054195
Burlington,playground,-79.8079922902439,43.39834140054196
Burlington,park,-79.79335544284615,43.39953135054196
Burlington,park,-79.82509225739608,43.39622480054196
Burlington,park,-79.82764485412946,43.397757300541954
Burlington,playground,-79.79409852711652,43.39943875054196
Burlington,park,-79.81702209064224,43.400203250541956
Burlington,park,-79.792672150958,43.401153800541955
Burlington,yes,-79.8177192,43.39903755054196
Burlington,park,-79.89506057347072,43.29953555054145
Burlington,park,-79.79606760691932,43.40087905054196
Burlington,playground,-79.79306545053834,43.40068110054196
Burlington,yes,-79.81785594646365,43.399139400541955
Burlington,picnic,-79.8174244,43.399120900541966
Burlington,picnic,-79.81749949999998,43.39920980054195
Burlington,park,-79.79898563243646,43.40184525054195
Burlington,park,-79.82833155655504,43.39928060054196
Burlington,park,-79.81311437905688,43.40309495054197
Milton,park,-79.88206595,43.51385125054184
Milton,park,-79.8841916010413,43.51419420054184
Milton,park,-79.88841509301187,43.51274770054184
Milton,park,-79.87927764233507,43.50911565054186
Milton,playground,-79.88697896135903,43.51331995054184
Milton,playground,-79.8872741104693,43.51329140054184
Milton,park,-79.88420501014424,43.51004255054184
Milton,park,-79.88762888648398,43.514652550541825
Milton,park,-79.88373531841847,43.517846450541825
Milton,park,-79.8876054,43.51483480054183
Milton,park,-79.89141467145312,43.51360680054184
Milton,park,-79.87449828368818,43.51512000054183
Milton,playground,-79.87599255636319,43.50989570054186
Milton,picnic,-79.87446049999998,43.515201000541836
Milton,playground,-79.87430229550264,43.515232450541816
Milton,playground,-79.87416065267107,43.51516715054183
Milton,playground,-79.8758395757659,43.50963350054185
Milton,playground,-79.8757310713389,43.50972965054186
Milton,park,-79.87368735588842,43.50533225054187
Milton,park,-79.87179811490017,43.508148300541855
Milton,park,-79.89060028289553,43.52144540054181
Milton,playground,-79.87207403808677,43.51826555054181
Milton,playground,-79.87446561014394,43.50607130054187
Milton,playground,-79.89083989058398,43.5218321505418
Milton,park,-79.87787121619283,43.523671300541785
Milton,park,-79.87909906974545,43.52598960054178
Milton,playground,-79.87818288242201,43.52391785054179
Milton,park,-79.88648467456503,43.50182275054189
Milton,park,-79.89094805332435,43.503356400541875
Milton,playground,-79.89080793681094,43.503329200541884
Milton,playground,-79.89101517499999,43.50337590054188
Milton,yes,-79.88560759196872,43.50160350054189
Milton,yes,-79.88571801682394,43.501657100541884
Milton,park,-79.86499618559063,43.51109035054185
Milton,playground,-79.87668373561172,43.50213525054188
Milton,park,-79.89624802547452,43.52162745054181
Milton,park,-79.87242720070755,43.502631200541884
Milton,park,-79.89031796456908,43.5000900505419
Milton,playground,-79.87892046305285,43.526475550541775
Milton,park,-79.86333620516072,43.51809415054181
Milton,park,-79.88128329972918,43.527602050541766
Milton,park,-79.8632129484903,43.51582105054183
Milton,park,-79.86372972375256,43.51320125054183
Milton,playground,-79.87182840867284,43.50246670054187
Milton,park,-79.87667193276754,43.527229100541774
Milton,playground,-79.88060161634294,43.52749285054176
Milton,park,-79.86168047589996,43.514239350541835
Milton,park,-79.88387263078525,43.4955135505419
Milton,park,-79.86160684481317,43.51577810054183
Milton,private,-79.87621510510527,43.52826520054177
Milton,playground,-79.86169403016703,43.51569225054183
Milton,playground,-79.8672146,43.50302885054188
Milton,playground,-79.86090455043839,43.51382605054182
Milton,park,-79.85768347069174,43.51013280054184
Milton,park,-79.87719446155974,43.53069815054175
Milton,park,-79.87263743916563,43.52885285054176
Milton,park,-79.86162310324062,43.50226265054188
Milton,playground,-79.87276460798094,43.529139100541755
Milton,playground,-79.87752915819672,43.53092750054175
Milton,park,-79.8571661187068,43.51623595054183
Milton,park,-79.89877300613931,43.497081950541904
Milton,park,-79.88017571580815,43.495103150541915
Milton,yes,-79.8577543267329,43.51609055054183
Milton,playground,-79.88000051931353,43.49521520054191
Milton,park,-79.85749548777409,43.50871610054186
Milton,park,-79.86125977933582,43.52812555054177
Milton,park,-79.85864130484302,43.521767550541796
Milton,playground,-79.85743381605505,43.508584400541864
Milton,park,-79.88698106316133,43.49384815054191
Milton,park,-79.87011136212496,43.53216720054175
Milton,park,-79.85395904414814,43.51376845054183
Milton,playground,-79.89678609295859,43.49649145054191
Milton,park,-79.87967203611683,43.49109675054192
Milton,playground,-79.8869792392011,43.493459450541906
Milton,park,-79.86732151989426,43.531500900541744
Milton,playground,-79.86728219852847,43.53138880054175
Milton,park,-79.85627590380392,43.52368780054179
Milton,playground,-79.86072574712003,43.527823550541754
Milton,park,-79.91065882067352,43.50657085054186
Milton,park,-79.85317165196193,43.50822110054186
Milton,playground,-79.85624221875861,43.52356845054179
Milton,park,-79.85101551659915,43.50855735054185
Milton,park,-79.87275027459467,43.49227990054191
Milton,park,-79.85539566807935,43.498433200541896
Milton,park,-79.8848971087707,43.49060840054193
Milton,playground,-79.87253778203598,43.49211350054192
Milton,park,-79.85088905637369,43.51260315054184
Milton,park,-79.86309934226388,43.494097950541914
Milton,playground,-79.88487380822521,43.490652550541924
Milton,playground,-79.85105786196607,43.51243415054185
Milton,park,-79.87091181196033,43.53601670054172
Milton,playground,-79.87055856380044,43.53569165054172
Milton,park,-79.85324294575177,43.50269985054187
Milton,playground,-79.85140315000001,43.50723900054186
Milton,private,-79.86688799361045,43.53485135054173
Milton,playground,-79.85009546922441,43.50903115054186
Milton,playground,-79.85337623842281,43.50245770054188
Milton,park,-79.86538983241624,43.53510210054172
Milton,park,-79.84881230923666,43.52423575054178
Milton,playground,-79.85050986902291,43.52062430054181
Milton,park,-79.84846978348702,43.507236750541864
Milton,park,-79.84895479959613,43.517064900541826
Milton,park,-79.8678089451698,43.49034295054192
Milton,playground,-79.8618211295967,43.49384075054192
Milton,playground,-79.86168809200385,43.49385215054192
Milton,playground,-79.86214793287365,43.49359925054191
Milton,playground,-79.86185301008656,43.493727650541906
Milton,playground,-79.8650548349384,43.53533210054172
Milton,playground,-79.86166669750077,43.49371285054191
Milton,park,-79.84767945139629,43.51651645054183
Milton,playground,-79.85537599203809,43.49804620054191
Milton,playground,-79.8552208175,43.4977898505419
Milton,park,-79.8782426044146,43.48791375054193
Milton,playground,-79.85494805934343,43.497949950541894
Milton,park,-79.85089948462578,43.526903050541776
Milton,playground,-79.85046364741967,43.524126550541794
Milton,playground,-79.84761451663307,43.51649605054182
Milton,park,-79.86460564263342,43.53619215054172
Milton,playground,-79.85028210333334,43.52423975054178
Milton,playground,-79.87811153413558,43.487876150541936
Milton,yes,-79.8670873620029,43.489981200541926
Milton,private,-79.8471179708568,43.50979570054186
Milton,playground,-79.84747909151349,43.506903550541864
Milton,park,-79.84724615119107,43.504943800541874
Milton,park,-79.86328713746454,43.53681145054172
Milton,playground,-79.8631929718944,43.53675470054171
Milton,park,-79.84523185113265,43.51501080054182
Milton,playground,-79.85004230251977,43.526942950541766
Milton,park,-79.85264784631501,43.530660450541745
Milton,park,-79.87242815547337,43.48614150054193
Milton,park,-79.85722307940017,43.53436760054173
Milton,park,-79.84276974884608,43.517236200541824
Milton,playground,-79.852562325,43.530825600541746
Milton,playground,-79.84484785443038,43.51735930054183
Milton,playground,-79.85691221701848,43.53464215054173
Milton,park,-79.84458222306995,43.50295775054188
Milton,playground,-79.84420443579543,43.517391650541825
Milton,playground,-79.87098231175455,43.48669735054194
Milton,playground,-79.84412708474045,43.51837555054182
Milton,park,-79.84400736655134,43.50781920054186
Milton,park,-79.84384681819012,43.50829895054186
Milton,park,-79.85733864810123,43.49119775054193
Milton,playground,-79.87448440295297,43.48548755054193
Milton,playground,-79.84403593853588,43.50779260054186
Milton,playground,-79.85721353131991,43.491192950541915
Milton,park,-79.85084288347517,43.532238150541744
Milton,playground,-79.87253806877428,43.48495225054194
Milton,park,-79.84048118679641,43.51553710054182
Milton,playground,-79.84112944132579,43.51145010054185
Milton,park,-79.86701337946414,43.48497955054194
Milton,playground,-79.84063444702207,43.515127950541824
Milton,park,-79.84891495372686,43.53304435054174
Milton,playground,-79.86700079011092,43.484860900541946
Milton,park,-79.83926978386128,43.51489945054183
Milton,park,-79.83921231299632,43.51082110054185
Milton,park,-79.83974746686766,43.50647695054187
Milton,playground,-79.84019175238811,43.50681800054187
Milton,playground,-79.84815799533628,43.53338045054174
Milton,park,-79.83774323403505,43.5216141005418
Milton,park,-79.84114387665124,43.52792315054177
Milton,playground,-79.84123670800227,43.52776875054177
Milton,park,-79.86977871858744,43.48120205054195
Milton,playground,-79.83793604443125,43.5214272505418
Milton,yes,-79.86979888891707,43.48119375054196
Milton,park,-79.84186796417703,43.53074965054176
Milton,playground,-79.84247092975599,43.531052750541754
Milton,playground,-79.84115077577897,43.53038865054175
Milton,park,-79.83411648659492,43.51314490054183
Milton,playground,-79.83454397467816,43.51333100054184
Milton,park,-79.9362458513222,43.51758480054182
Milton,park,-79.83271820234785,43.51942105054182
Milton,playground,-79.83294459999999,43.51926950054181
Milton,park,-79.83435765554071,43.52576970054177
Milton,park,-79.83070439827263,43.51694460054182
Milton,park,-79.84942670373883,43.48377620054194
Milton,playground,-79.83396552542195,43.52611845054179
Milton,park,-79.84404632116588,43.48813885054193
Milton,playground,-79.83099859044268,43.51664280054184
Milton,playground,-79.84387123263627,43.488177300541935
Milton,playground,-79.84919054684813,43.483939300541934
Milton,park,-79.83312388688195,43.52856005054177
Milton,playground,-79.84889251061045,43.483913750541944
Milton,playground,-79.84894805497237,43.48376245054194
Milton,park,-79.8302993612003,43.523515500541784
Milton,picnic,-79.9366752,43.51221840054185
Milton,playground,-79.83022361152626,43.52355170054179
Milton,park,-79.84461263201341,43.48091755054195
Milton,park,-79.83309753385728,43.48953680054192
Milton,playground,-79.84458772973372,43.480926200541944
Milton,picnic,-79.9416134,43.50955040054185
Milton,picnic,-79.9419032,43.514645200541835
Milton,picnic,-79.94222469999998,43.510028700541845
Milton,picnic,-79.94223969999999,43.509963900541855
Milton,park,-79.94389259999998,43.51019260054185
Milton,park,-79.94465239999998,43.504441100541875
Milton,park,-79.915066346497,43.47069250054197
Milton,picnic,-79.9469657,43.505722300541876
Milton,picnic,-79.94736599999999,43.50503800054186
Milton,picnic,-79.94787029999999,43.50394800054187
Milton,picnic,-79.91351759999999,43.470787100541976
Milton,picnic,-79.91319619999999,43.470551500541966
Milton,picnic,-79.9483663,43.504114000541875
Milton,picnic,-79.94846829999999,43.502864400541874
Milton,park,-79.9474954,43.498969300541894
Milton,picnic,-79.9133435,43.46944340054198
Milton,picnic,-79.9489716,43.50208640054189
Milton,picnic,-79.91327,43.46924280054197
Milton,picnic,-79.94919519999999,43.50212290054188
Milton,picnic,-79.913859,43.46927920054196
Milton,picnic,-79.9493639,43.50202490054189
Milton,picnic,-79.94940479999998,43.50193350054189
Milton,picnic,-79.949467,43.50196070054187
Milton,picnic,-79.9493497,43.50146280054188
Milton,picnic,-79.9495134,43.50189910054188
Milton,park,-79.81417009798524,43.50391970054188
Milton,picnic,-79.9112495,43.467499100541964
Milton,picnic,-79.91721439999999,43.46907610054198
Milton,picnic,-79.9180983,43.46861700054198
Milton,park,-79.9618828,43.504621800541884
Milton,park,-79.81784015505202,43.54971095054164
Milton,park,-79.81399322915193,43.48325945054195
Milton,park,-79.81407152059859,43.482943500541936
Milton,park,-79.81375736396646,43.48326285054195
Milton,park,-79.81396853064243,43.48305790054195
Milton,park,-79.813869875,43.48315830054194
Milton,park,-79.81374980807209,43.483048550541945
Milton,picnic,-79.94884309999999,43.46942220054198
Milton,park,-79.78731142111184,43.532688400541744
Milton,playground,-79.7876060855173,43.53296750054176
Milton,park,-79.98232579999998,43.51521990054184
Milton,park,-79.98058045166664,43.489854300541936
Milton,picnic,-79.98192769999999,43.48645650054192
Milton,park,-79.98627916104377,43.48812760054194
Milton,park,-79.77277789999998,43.50106560054188
Vaughan,park,-79.52737816608837,43.79389390053828
Vaughan,park,-79.52639643468176,43.79378340053828
Vaughan,park,-79.52607563364035,43.79368775053828
Vaughan,park,-79.52756012870739,43.794576800538266
Vaughan,park,-79.52536559354058,43.793914050538284
Vaughan,park,-79.52500184444443,43.79406485053829
Vaughan,playground,-79.52972705764807,43.78654120053844
Vaughan,park,-79.52409429329845,43.782875350538504
Vaughan,park,-79.52430382408905,43.78275270053852
Vaughan,park,-79.52414835185951,43.78273645053851
Vaughan,park,-79.52394165340854,43.782727750538506
Vaughan,park,-79.52382895396343,43.782769700538516
Vaughan,park,-79.52409923141006,43.782605950538525
Vaughan,park,-79.52477159111541,43.782557500538516
Vaughan,park,-79.52403461823103,43.78252035053851
Vaughan,park,-79.52434143207168,43.78225330053853
Vaughan,park,-79.54698408026755,43.78979785053836
Vaughan,park,-79.5471947507275,43.789911700538354
Vaughan,park,-79.5471446538458,43.78977990053837
Vaughan,park,-79.5471826238425,43.789866150538366
Vaughan,park,-79.5472618186111,43.78995430053837
Vaughan,park,-79.54728941489347,43.789832200538356
Vaughan,park,-79.54733919918246,43.78985240053836
Vaughan,park,-79.5520293845706,43.79416850053828
Vaughan,playground,-79.55209310234522,43.794308550538275
Vaughan,park,-79.55567423169529,43.79183645053833
Vaughan,park,-79.55929685085181,43.79416910053827
Vaughan,park,-79.55774009251019,43.79923760053816
Vaughan,park,-79.557070868258,43.8028076505381
Vaughan,playground,-79.55772415671007,43.79918435053817
Vaughan,yes,-79.5585647483857,43.79384865053828
Vaughan,playground,-79.55803526984546,43.799249750538166
Vaughan,yes,-79.55893130174601,43.79255340053831
Vaughan,playground,-79.55895947894226,43.79598510053824
Vaughan,playground,-79.55826870063804,43.788684650538386
Vaughan,playground,-79.5595097509736,43.79592640053823
Vaughan,playground,-79.55750534964747,43.802567500538096
Vaughan,park,-79.55981410507334,43.80234985053809
Vaughan,park,-79.55677333153173,43.81185695053789
Vaughan,park,-79.56614162907388,43.79647445053823
Vaughan,playground,-79.53812690000001,43.8200025005377
Vaughan,playground,-79.5639832164823,43.799458050538156
Vaughan,playground,-79.56422554288028,43.79944355053816
Vaughan,yes,-79.56506357786327,43.79583585053824
Vaughan,park,-79.48823805415373,43.79825000053819
Vaughan,park,-79.56760361315368,43.80025605053814
Vaughan,playground,-79.48849704999999,43.7980715005382
Vaughan,playground,-79.55741000387366,43.81230565053788
Vaughan,park,-79.56712095014355,43.792555100538316
Vaughan,playground,-79.55750675171598,43.81252435053788
Vaughan,playground,-79.56671448790533,43.79256955053831
Vaughan,park,-79.48436372606739,43.80120105053813
Vaughan,park,-79.49684837805944,43.819556450537725
Vaughan,park,-79.48457321624788,43.79401010053829
Vaughan,park,-79.48485749907638,43.78832310053839
Vaughan,park,-79.5725389252816,43.79067415053835
Vaughan,park,-79.56861617208824,43.802617900538095
Vaughan,park,-79.4859980855642,43.807711300537974
Vaughan,park,-79.57000907466133,43.78682560053842
Vaughan,park,-79.49188382662214,43.81612460053779
Vaughan,park,-79.57228201289432,43.793310550538294
Vaughan,playground,-79.57016673821656,43.78676090053843
Vaughan,park,-79.47853012338871,43.792407000538304
Vaughan,playground,-79.57225135946136,43.79433765053827
Vaughan,park,-79.4808740764066,43.798023150538185
Vaughan,park,-79.5741425642246,43.79672135053822
Vaughan,park,-79.47981056537623,43.79838155053818
Vaughan,park,-79.57341264058117,43.80149985053812
Vaughan,park,-79.57463997483947,43.794265650538264
Vaughan,park,-79.47983082460644,43.799125050538166
Vaughan,park,-79.56343477229865,43.81799405053776
Vaughan,yes,-79.5734490703968,43.80190145053811
Vaughan,park,-79.47603871394634,43.79604035053824
Vaughan,park,-79.57643073117052,43.786554350538424
Vaughan,park,-79.57501474791245,43.78919210053838
Vaughan,yes,-79.47840361348491,43.79236765053831
Vaughan,yes,-79.47808506663759,43.7926399505383
Vaughan,yes,-79.56313411659389,43.81781070053776
Vaughan,yes,-79.56351553528643,43.81779935053777
Vaughan,park,-79.47486875712653,43.791591900538336
Vaughan,park,-79.57685809514302,43.78474040053847
Vaughan,playground,-79.57687348854506,43.78492335053846
Vaughan,park,-79.47652966289027,43.808853650537955
Vaughan,playground,-79.47506519052456,43.79929925053816
Vaughan,activity_park,-79.49007510000001,43.821028100537696
Vaughan,playground,-79.4743416226969,43.79477490053826
Vaughan,park,-79.57483857910353,43.77718585053862
Vaughan,park,-79.53252690283342,43.83268685053743
Vaughan,park,-79.47351655286785,43.79167410053833
Vaughan,park,-79.52988937025552,43.8332565005374
Vaughan,park,-79.50293132321096,43.82925780053749
Vaughan,park,-79.53542530418176,43.833424150537404
Vaughan,playground,-79.57447728703991,43.777097600538625
Vaughan,playground,-79.57472599262293,43.77734530053863
Vaughan,park,-79.4868810956531,43.8204017505377
Vaughan,private,-79.47364416292902,43.79809150053819
Vaughan,playground,-79.57490767560847,43.776900850538624
Vaughan,park,-79.53699393647742,43.833120450537415
Vaughan,park,-79.58632533608343,43.78753945053841
Vaughan,playground,-79.58109155828109,43.79234090053831
Vaughan,park,-79.56088907026665,43.82628390053756
Vaughan,playground,-79.47599374142067,43.80880660053797
Vaughan,park,-79.54424037459896,43.83224845053742
Vaughan,park,-79.58647979142394,43.81233910053788
Vaughan,park,-79.47050776580645,43.79594110053823
Vaughan,playground,-79.53825896113537,43.83309740053741
Vaughan,playground,-79.54364949999999,43.83205040053744
Vaughan,park,-79.54339869999998,43.83211060053743
Vaughan,playground,-79.53826022991998,43.83321260053741
Vaughan,park,-79.54377839999998,43.83218730053743
Vaughan,playground,-79.53812792787474,43.833446750537405
Vaughan,customers,-79.5570508,43.82767060053753
Vaughan,playground,-79.53791068342743,43.833483300537395
Vaughan,park,-79.5440258,43.83223980053742
Vaughan,park,-79.47034125068305,43.79209570053831
Vaughan,park,-79.56842924151539,43.82269715053765
Vaughan,park,-79.46753787651487,43.78952610053837
Vaughan,park,-79.55403188655758,43.83061315053746
Vaughan,playground,-79.47048651525361,43.795735050538234
Vaughan,playground,-79.47032347255225,43.79558050053824
Vaughan,playground,-79.47034968740786,43.795762200538235
Vaughan,park,-79.54121771180468,43.83443165053738
Vaughan,park,-79.54048354147868,43.83539335053736
Vaughan,playground,-79.56802248433652,43.82241725053766
Vaughan,yes,-79.55385801760195,43.83046865053747
Vaughan,park,-79.47191934289435,43.80810675053797
Vaughan,playground,-79.56809128083233,43.82280655053764
Vaughan,playground,-79.47259018869048,43.80763530053799
Vaughan,park,-79.5107907780654,43.83409935053737
Vaughan,park,-79.467694509209,43.80166375053812
Vaughan,park,-79.52161107900535,43.84360185053715
Vaughan,playground,-79.47248281905979,43.80796345053798
Vaughan,park,-79.5419304,43.834644600537366
Vaughan,park,-79.54282864549752,43.83473365053737
Vaughan,leashed,-79.4689460380944,43.78884315053839
Vaughan,playground,-79.46888957538745,43.788814400538385
Vaughan,picnic,-79.5815594,43.808684400537956
Vaughan,park,-79.52016760516489,43.83721045053731
Vaughan,park,-79.58998117966945,43.78977970053836
Vaughan,yes,-79.58168294999999,43.7784502005386
Vaughan,picnic,-79.58346209999999,43.80622580053801
Vaughan,playground,-79.46844526637503,43.80184595053811
Vaughan,playground,-79.5852892175104,43.78662485053844
Vaughan,park,-79.53957806782853,43.836663550537324
Vaughan,playground,-79.47526777702058,43.81701210053777
Vaughan,playground,-79.46702018301481,43.80173960053811
Vaughan,park,-79.5846259687862,43.78091350053855
Vaughan,park,-79.55687527200132,43.833077650537405
Vaughan,park,-79.56340246326783,43.830433750537466
Vaughan,park,-79.5850510365675,43.78080430053855
Vaughan,park,-79.52845496027754,43.83901150053727
Vaughan,park,-79.46340877159014,43.79457390053827
Vaughan,playground,-79.55574414999998,43.833501000537396
Vaughan,yes,-79.56348844266506,43.83014440053748
Vaughan,playground,-79.52877250443785,43.83898180053727
Vaughan,park,-79.5689348737447,43.82823030053753
Vaughan,park,-79.58630546062425,43.781084800538544
Vaughan,picnic,-79.58362549999998,43.81234290053788
Vaughan,park,-79.46407283701205,43.7931855005383
Vaughan,playground,-79.5287458,43.83927420053727
Vaughan,park,-79.46803400897244,43.81256705053788
Vaughan,park,-79.51071836146629,43.83874245053727
Vaughan,playground,-79.46391614732153,43.79447330053826
Vaughan,park,-79.58948388055836,43.79829475053819
Vaughan,playground,-79.51073997453855,43.83854190053728
Vaughan,playground,-79.56926585905441,43.82821340053752
Vaughan,park,-79.46246522227729,43.79198845053831
Vaughan,park,-79.59051334359432,43.78404680053849
Vaughan,picnic,-79.58626459999999,43.80988920053794
Vaughan,customers,-79.54442477968749,43.83830400053728
Vaughan,picnic,-79.5870001,43.80843560053797
Vaughan,park,-79.54080833503187,43.839233050537274
Vaughan,park,-79.54172934396551,43.83904970053727
Vaughan,park,-79.46180128402216,43.798742400538174
Vaughan,park,-79.50470539566574,43.840212500537234
Vaughan,park,-79.54163087642272,43.83922895053727
Vaughan,park,-79.59052768277573,43.78669105053844
Vaughan,park,-79.54095076145319,43.839324550537256
Vaughan,park,-79.54104630528184,43.839350000537266
Vaughan,park,-79.55026722311979,43.8377846505373
Vaughan,park,-79.5406343138803,43.83948695053725
Vaughan,park,-79.54089422684729,43.83961910053726
Vaughan,yes,-79.55037129999998,43.83750160053732
Vaughan,yes,-79.55019307918545,43.8376197005373
Vaughan,park,-79.53861700151668,43.840002550537235
Vaughan,park,-79.53880086160713,43.840069800537236
Vaughan,playground,-79.46742465596233,43.812566400537875
Vaughan,activity_park,-79.54255438743269,43.83948550053725
Vaughan,park,-79.54051711884472,43.83990925053725
Vaughan,playground,-79.59062785020399,43.786509600538444
Vaughan,playground,-79.46743988530511,43.81271680053787
Vaughan,park,-79.53888795447384,43.84019595053724
Vaughan,picnic,-79.58535459999999,43.81398420053783
Vaughan,yes,-79.55051703924846,43.83787195053729
Vaughan,private,-79.50941451650725,43.83945920053725
Vaughan,park,-79.5397629863354,43.840229800537244
Vaughan,private,-79.50961894149336,43.83957460053726
Vaughan,park,-79.5632278760277,43.83532580053735
Vaughan,playground,-79.4617519126852,43.79871030053817
Vaughan,park,-79.54005598102125,43.84041945053724
Vaughan,park,-79.54026380271247,43.84032335053723
Vaughan,park,-79.53970624089284,43.84042425053724
Vaughan,customers,-79.54508156774193,43.839520500537255
Vaughan,park,-79.46464395627932,43.823439350537626
Vaughan,park,-79.54030103283061,43.840415250537234
Vaughan,park,-79.54052906409079,43.84038655053724
Vaughan,park,-79.54068723342857,43.84036460053724
Vaughan,park,-79.54086470275591,43.84037305053723
Vaughan,park,-79.54053937202289,43.84059710053724
Vaughan,park,-79.46155742705639,43.80460355053806
Vaughan,park,-79.53993018957766,43.840556850537226
Vaughan,park,-79.54124349853868,43.840369100537245
Vaughan,park,-79.54170938928571,43.84029815053724
Vaughan,park,-79.53985445223111,43.84064880053724
Vaughan,park,-79.54006238545163,43.84063910053723
Vaughan,park,-79.54162116151412,43.84036195053723
Vaughan,park,-79.54078321034025,43.84059365053723
Vaughan,park,-79.54001089742897,43.84070200053722
Vaughan,park,-79.54147953782874,43.840444550537235
Vaughan,park,-79.54015959977713,43.84075280053722
Vaughan,park,-79.57564454301718,43.827627900537536
Vaughan,playground,-79.46220503957929,43.80390780053806
